trial_id,source_dataset,alignment,n_channels,time_axis_status,confirmed_fields,missing_required_fields,formal_training_blocker
0,Kosciessa_et_al_2021,response_locked,3,inferred_from_notebook_plot_window,"trial_id,source_dataset,alignment,n_channels","subject_id,condition,evidence_strength,choice,correctness,RT_ms,response_hand,artifact_rejection_flag",Missing required trial-level metadata and source data are response-locked rather than stimulus-locked.
1,Kosciessa_et_al_2021,response_locked,3,inferred_from_notebook_plot_window,"trial_id,source_dataset,alignment,n_channels","subject_id,condition,evidence_strength,choice,correctness,RT_ms,response_hand,artifact_rejection_flag",Missing required trial-level metadata and source data are response-locked rather than stimulus-locked.
2,Kosciessa_et_al_2021,response_locked,3,inferred_from_notebook_plot_window,"trial_id,source_dataset,alignment,n_channels","subject_id,condition,evidence_strength,choice,correctness,RT_ms,response_hand,artifact_rejection_flag",Missing required trial-level metadata and source data are response-locked rather than stimulus-locked.
3,Kosciessa_et_al_2021,response_locked,3,inferred_from_notebook_plot_window,"trial_id,source_dataset,alignment,n_channels","subject_id,condition,evidence_strength,choice,correctness,RT_ms,response_hand,artifact_rejection_flag",Missing required trial-level metadata and source data are response-locked rather than stimulus-locked.
4,Kosciessa_et_al_2021,response_locked,3,inferred_from_notebook_plot_window,"trial_id,source_dataset,alignment,n_channels","subject_id,condition,evidence_strength,choice,correctness,RT_ms,response_hand,artifact_rejection_flag",Missing required trial-level metadata and source data are response-locked rather than stimulus-locked.
5,Kosciessa_et_al_2021,response_locked,3,inferred_from_notebook_plot_window,"trial_id,source_dataset,alignment,n_channels","subject_id,condition,evidence_strength,choice,correctness,RT_ms,response_hand,artifact_rejection_flag",Missing required trial-level metadata and source data are response-locked rather than stimulus-locked.
6,Kosciessa_et_al_2021,response_locked,3,inferred_from_notebook_plot_window,"trial_id,source_dataset,alignment,n_channels","subject_id,condition,evidence_strength,choice,correctness,RT_ms,response_hand,artifact_rejection_flag",Missing required trial-level metadata and source data are response-locked rather than stimulus-locked.
7,Kosciessa_et_al_2021,response_locked,3,inferred_from_notebook_plot_window,"trial_id,source_dataset,alignment,n_channels","subject_id,condition,evidence_strength,choice,correctness,RT_ms,response_hand,artifact_rejection_flag",Missing required trial-level metadata and source data are response-locked rather than stimulus-locked.
8,Kosciessa_et_al_2021,response_locked,3,inferred_from_notebook_plot_window,"trial_id,source_dataset,alignment,n_channels","subject_id,condition,evidence_strength,choice,correctness,RT_ms,response_hand,artifact_rejection_flag",Missing required trial-level metadata and source data are response-locked rather than stimulus-locked.
9,Kosciessa_et_al_2021,response_locked,3,inferred_from_notebook_plot_window,"trial_id,source_dataset,alignment,n_channels","subject_id,condition,evidence_strength,choice,correctness,RT_ms,response_hand,artifact_rejection_flag",Missing required trial-level metadata and source data are response-locked rather than stimulus-locked.
10,Kosciessa_et_al_2021,response_locked,3,inferred_from_notebook_plot_window,"trial_id,source_dataset,alignment,n_channels","subject_id,condition,evidence_strength,choice,correctness,RT_ms,response_hand,artifact_rejection_flag",Missing required trial-level metadata and source data are response-locked rather than stimulus-locked.
11,Kosciessa_et_al_2021,response_locked,3,inferred_from_notebook_plot_window,"trial_id,source_dataset,alignment,n_channels","subject_id,condition,evidence_strength,choice,correctness,RT_ms,response_hand,artifact_rejection_flag",Missing required trial-level metadata and source data are response-locked rather than stimulus-locked.
12,Kosciessa_et_al_2021,response_locked,3,inferred_from_notebook_plot_window,"trial_id,source_dataset,alignment,n_channels","subject_id,condition,evidence_strength,choice,correctness,RT_ms,response_hand,artifact_rejection_flag",Missing required trial-level metadata and source data are response-locked rather than stimulus-locked.
13,Kosciessa_et_al_2021,response_locked,3,inferred_from_notebook_plot_window,"trial_id,source_dataset,alignment,n_channels","subject_id,condition,evidence_strength,choice,correctness,RT_ms,response_hand,artifact_rejection_flag",Missing required trial-level metadata and source data are response-locked rather than stimulus-locked.
14,Kosciessa_et_al_2021,response_locked,3,inferred_from_notebook_plot_window,"trial_id,source_dataset,alignment,n_channels","subject_id,condition,evidence_strength,choice,correctness,RT_ms,response_hand,artifact_rejection_flag",Missing required trial-level metadata and source data are response-locked rather than stimulus-locked.
15,Kosciessa_et_al_2021,response_locked,3,inferred_from_notebook_plot_window,"trial_id,source_dataset,alignment,n_channels","subject_id,condition,evidence_strength,choice,correctness,RT_ms,response_hand,artifact_rejection_flag",Missing required trial-level metadata and source data are response-locked rather than stimulus-locked.
16,Kosciessa_et_al_2021,response_locked,3,inferred_from_notebook_plot_window,"trial_id,source_dataset,alignment,n_channels","subject_id,condition,evidence_strength,choice,correctness,RT_ms,response_hand,artifact_rejection_flag",Missing required trial-level metadata and source data are response-locked rather than stimulus-locked.
17,Kosciessa_et_al_2021,response_locked,3,inferred_from_notebook_plot_window,"trial_id,source_dataset,alignment,n_channels","subject_id,condition,evidence_strength,choice,correctness,RT_ms,response_hand,artifact_rejection_flag",Missing required trial-level metadata and source data are response-locked rather than stimulus-locked.
18,Kosciessa_et_al_2021,response_locked,3,inferred_from_notebook_plot_window,"trial_id,source_dataset,alignment,n_channels","subject_id,condition,evidence_strength,choice,correctness,RT_ms,response_hand,artifact_rejection_flag",Missing required trial-level metadata and source data are response-locked rather than stimulus-locked.
19,Kosciessa_et_al_2021,response_locked,3,inferred_from_notebook_plot_window,"trial_id,source_dataset,alignment,n_channels","subject_id,condition,evidence_strength,choice,correctness,RT_ms,response_hand,artifact_rejection_flag",Missing required trial-level metadata and source data are response-locked rather than stimulus-locked.
20,Kosciessa_et_al_2021,response_locked,3,inferred_from_notebook_plot_window,"trial_id,source_dataset,alignment,n_channels","subject_id,condition,evidence_strength,choice,correctness,RT_ms,response_hand,artifact_rejection_flag",Missing required trial-level metadata and source data are response-locked rather than stimulus-locked.
21,Kosciessa_et_al_2021,response_locked,3,inferred_from_notebook_plot_window,"trial_id,source_dataset,alignment,n_channels","subject_id,condition,evidence_strength,choice,correctness,RT_ms,response_hand,artifact_rejection_flag",Missing required trial-level metadata and source data are response-locked rather than stimulus-locked.
22,Kosciessa_et_al_2021,response_locked,3,inferred_from_notebook_plot_window,"trial_id,source_dataset,alignment,n_channels","subject_id,condition,evidence_strength,choice,correctness,RT_ms,response_hand,artifact_rejection_flag",Missing required trial-level metadata and source data are response-locked rather than stimulus-locked.
23,Kosciessa_et_al_2021,response_locked,3,inferred_from_notebook_plot_window,"trial_id,source_dataset,alignment,n_channels","subject_id,condition,evidence_strength,choice,correctness,RT_ms,response_hand,artifact_rejection_flag",Missing required trial-level metadata and source data are response-locked rather than stimulus-locked.
24,Kosciessa_et_al_2021,response_locked,3,inferred_from_notebook_plot_window,"trial_id,source_dataset,alignment,n_channels","subject_id,condition,evidence_strength,choice,correctness,RT_ms,response_hand,artifact_rejection_flag",Missing required trial-level metadata and source data are response-locked rather than stimulus-locked.
25,Kosciessa_et_al_2021,response_locked,3,inferred_from_notebook_plot_window,"trial_id,source_dataset,alignment,n_channels","subject_id,condition,evidence_strength,choice,correctness,RT_ms,response_hand,artifact_rejection_flag",Missing required trial-level metadata and source data are response-locked rather than stimulus-locked.
26,Kosciessa_et_al_2021,response_locked,3,inferred_from_notebook_plot_window,"trial_id,source_dataset,alignment,n_channels","subject_id,condition,evidence_strength,choice,correctness,RT_ms,response_hand,artifact_rejection_flag",Missing required trial-level metadata and source data are response-locked rather than stimulus-locked.
27,Kosciessa_et_al_2021,response_locked,3,inferred_from_notebook_plot_window,"trial_id,source_dataset,alignment,n_channels","subject_id,condition,evidence_strength,choice,correctness,RT_ms,response_hand,artifact_rejection_flag",Missing required trial-level metadata and source data are response-locked rather than stimulus-locked.
28,Kosciessa_et_al_2021,response_locked,3,inferred_from_notebook_plot_window,"trial_id,source_dataset,alignment,n_channels","subject_id,condition,evidence_strength,choice,correctness,RT_ms,response_hand,artifact_rejection_flag",Missing required trial-level metadata and source data are response-locked rather than stimulus-locked.
29,Kosciessa_et_al_2021,response_locked,3,inferred_from_notebook_plot_window,"trial_id,source_dataset,alignment,n_channels","subject_id,condition,evidence_strength,choice,correctness,RT_ms,response_hand,artifact_rejection_flag",Missing required trial-level metadata and source data are response-locked rather than stimulus-locked.
30,Kosciessa_et_al_2021,response_locked,3,inferred_from_notebook_plot_window,"trial_id,source_dataset,alignment,n_channels","subject_id,condition,evidence_strength,choice,correctness,RT_ms,response_hand,artifact_rejection_flag",Missing required trial-level metadata and source data are response-locked rather than stimulus-locked.
31,Kosciessa_et_al_2021,response_locked,3,inferred_from_notebook_plot_window,"trial_id,source_dataset,alignment,n_channels","subject_id,condition,evidence_strength,choice,correctness,RT_ms,response_hand,artifact_rejection_flag",Missing required trial-level metadata and source data are response-locked rather than stimulus-locked.
32,Kosciessa_et_al_2021,response_locked,3,inferred_from_notebook_plot_window,"trial_id,source_dataset,alignment,n_channels","subject_id,condition,evidence_strength,choice,correctness,RT_ms,response_hand,artifact_rejection_flag",Missing required trial-level metadata and source data are response-locked rather than stimulus-locked.
33,Kosciessa_et_al_2021,response_locked,3,inferred_from_notebook_plot_window,"trial_id,source_dataset,alignment,n_channels","subject_id,condition,evidence_strength,choice,correctness,RT_ms,response_hand,artifact_rejection_flag",Missing required trial-level metadata and source data are response-locked rather than stimulus-locked.
34,Kosciessa_et_al_2021,response_locked,3,inferred_from_notebook_plot_window,"trial_id,source_dataset,alignment,n_channels","subject_id,condition,evidence_strength,choice,correctness,RT_ms,response_hand,artifact_rejection_flag",Missing required trial-level metadata and source data are response-locked rather than stimulus-locked.
35,Kosciessa_et_al_2021,response_locked,3,inferred_from_notebook_plot_window,"trial_id,source_dataset,alignment,n_channels","subject_id,condition,evidence_strength,choice,correctness,RT_ms,response_hand,artifact_rejection_flag",Missing required trial-level metadata and source data are response-locked rather than stimulus-locked.
36,Kosciessa_et_al_2021,response_locked,3,inferred_from_notebook_plot_window,"trial_id,source_dataset,alignment,n_channels","subject_id,condition,evidence_strength,choice,correctness,RT_ms,response_hand,artifact_rejection_flag",Missing required trial-level metadata and source data are response-locked rather than stimulus-locked.
37,Kosciessa_et_al_2021,response_locked,3,inferred_from_notebook_plot_window,"trial_id,source_dataset,alignment,n_channels","subject_id,condition,evidence_strength,choice,correctness,RT_ms,response_hand,artifact_rejection_flag",Missing required trial-level metadata and source data are response-locked rather than stimulus-locked.
38,Kosciessa_et_al_2021,response_locked,3,inferred_from_notebook_plot_window,"trial_id,source_dataset,alignment,n_channels","subject_id,condition,evidence_strength,choice,correctness,RT_ms,response_hand,artifact_rejection_flag",Missing required trial-level metadata and source data are response-locked rather than stimulus-locked.
39,Kosciessa_et_al_2021,response_locked,3,inferred_from_notebook_plot_window,"trial_id,source_dataset,alignment,n_channels","subject_id,condition,evidence_strength,choice,correctness,RT_ms,response_hand,artifact_rejection_flag",Missing required trial-level metadata and source data are response-locked rather than stimulus-locked.
40,Kosciessa_et_al_2021,response_locked,3,inferred_from_notebook_plot_window,"trial_id,source_dataset,alignment,n_channels","subject_id,condition,evidence_strength,choice,correctness,RT_ms,response_hand,artifact_rejection_flag",Missing required trial-level metadata and source data are response-locked rather than stimulus-locked.
41,Kosciessa_et_al_2021,response_locked,3,inferred_from_notebook_plot_window,"trial_id,source_dataset,alignment,n_channels","subject_id,condition,evidence_strength,choice,correctness,RT_ms,response_hand,artifact_rejection_flag",Missing required trial-level metadata and source data are response-locked rather than stimulus-locked.
42,Kosciessa_et_al_2021,response_locked,3,inferred_from_notebook_plot_window,"trial_id,source_dataset,alignment,n_channels","subject_id,condition,evidence_strength,choice,correctness,RT_ms,response_hand,artifact_rejection_flag",Missing required trial-level metadata and source data are response-locked rather than stimulus-locked.
43,Kosciessa_et_al_2021,response_locked,3,inferred_from_notebook_plot_window,"trial_id,source_dataset,alignment,n_channels","subject_id,condition,evidence_strength,choice,correctness,RT_ms,response_hand,artifact_rejection_flag",Missing required trial-level metadata and source data are response-locked rather than stimulus-locked.
44,Kosciessa_et_al_2021,response_locked,3,inferred_from_notebook_plot_window,"trial_id,source_dataset,alignment,n_channels","subject_id,condition,evidence_strength,choice,correctness,RT_ms,response_hand,artifact_rejection_flag",Missing required trial-level metadata and source data are response-locked rather than stimulus-locked.
45,Kosciessa_et_al_2021,response_locked,3,inferred_from_notebook_plot_window,"trial_id,source_dataset,alignment,n_channels","subject_id,condition,evidence_strength,choice,correctness,RT_ms,response_hand,artifact_rejection_flag",Missing required trial-level metadata and source data are response-locked rather than stimulus-locked.
46,Kosciessa_et_al_2021,response_locked,3,inferred_from_notebook_plot_window,"trial_id,source_dataset,alignment,n_channels","subject_id,condition,evidence_strength,choice,correctness,RT_ms,response_hand,artifact_rejection_flag",Missing required trial-level metadata and source data are response-locked rather than stimulus-locked.
47,Kosciessa_et_al_2021,response_locked,3,inferred_from_notebook_plot_window,"trial_id,source_dataset,alignment,n_channels","subject_id,condition,evidence_strength,choice,correctness,RT_ms,response_hand,artifact_rejection_flag",Missing required trial-level metadata and source data are response-locked rather than stimulus-locked.
48,Kosciessa_et_al_2021,response_locked,3,inferred_from_notebook_plot_window,"trial_id,source_dataset,alignment,n_channels","subject_id,condition,evidence_strength,choice,correctness,RT_ms,response_hand,artifact_rejection_flag",Missing required trial-level metadata and source data are response-locked rather than stimulus-locked.
49,Kosciessa_et_al_2021,response_locked,3,inferred_from_notebook_plot_window,"trial_id,source_dataset,alignment,n_channels","subject_id,condition,evidence_strength,choice,correctness,RT_ms,response_hand,artifact_rejection_flag",Missing required trial-level metadata and source data are response-locked rather than stimulus-locked.
50,Kosciessa_et_al_2021,response_locked,3,inferred_from_notebook_plot_window,"trial_id,source_dataset,alignment,n_channels","subject_id,condition,evidence_strength,choice,correctness,RT_ms,response_hand,artifact_rejection_flag",Missing required trial-level metadata and source data are response-locked rather than stimulus-locked.
51,Kosciessa_et_al_2021,response_locked,3,inferred_from_notebook_plot_window,"trial_id,source_dataset,alignment,n_channels","subject_id,condition,evidence_strength,choice,correctness,RT_ms,response_hand,artifact_rejection_flag",Missing required trial-level metadata and source data are response-locked rather than stimulus-locked.
52,Kosciessa_et_al_2021,response_locked,3,inferred_from_notebook_plot_window,"trial_id,source_dataset,alignment,n_channels","subject_id,condition,evidence_strength,choice,correctness,RT_ms,response_hand,artifact_rejection_flag",Missing required trial-level metadata and source data are response-locked rather than stimulus-locked.
53,Kosciessa_et_al_2021,response_locked,3,inferred_from_notebook_plot_window,"trial_id,source_dataset,alignment,n_channels","subject_id,condition,evidence_strength,choice,correctness,RT_ms,response_hand,artifact_rejection_flag",Missing required trial-level metadata and source data are response-locked rather than stimulus-locked.
54,Kosciessa_et_al_2021,response_locked,3,inferred_from_notebook_plot_window,"trial_id,source_dataset,alignment,n_channels","subject_id,condition,evidence_strength,choice,correctness,RT_ms,response_hand,artifact_rejection_flag",Missing required trial-level metadata and source data are response-locked rather than stimulus-locked.
55,Kosciessa_et_al_2021,response_locked,3,inferred_from_notebook_plot_window,"trial_id,source_dataset,alignment,n_channels","subject_id,condition,evidence_strength,choice,correctness,RT_ms,response_hand,artifact_rejection_flag",Missing required trial-level metadata and source data are response-locked rather than stimulus-locked.
56,Kosciessa_et_al_2021,response_locked,3,inferred_from_notebook_plot_window,"trial_id,source_dataset,alignment,n_channels","subject_id,condition,evidence_strength,choice,correctness,RT_ms,response_hand,artifact_rejection_flag",Missing required trial-level metadata and source data are response-locked rather than stimulus-locked.
57,Kosciessa_et_al_2021,response_locked,3,inferred_from_notebook_plot_window,"trial_id,source_dataset,alignment,n_channels","subject_id,condition,evidence_strength,choice,correctness,RT_ms,response_hand,artifact_rejection_flag",Missing required trial-level metadata and source data are response-locked rather than stimulus-locked.
58,Kosciessa_et_al_2021,response_locked,3,inferred_from_notebook_plot_window,"trial_id,source_dataset,alignment,n_channels","subject_id,condition,evidence_strength,choice,correctness,RT_ms,response_hand,artifact_rejection_flag",Missing required trial-level metadata and source data are response-locked rather than stimulus-locked.
59,Kosciessa_et_al_2021,response_locked,3,inferred_from_notebook_plot_window,"trial_id,source_dataset,alignment,n_channels","subject_id,condition,evidence_strength,choice,correctness,RT_ms,response_hand,artifact_rejection_flag",Missing required trial-level metadata and source data are response-locked rather than stimulus-locked.
60,Kosciessa_et_al_2021,response_locked,3,inferred_from_notebook_plot_window,"trial_id,source_dataset,alignment,n_channels","subject_id,condition,evidence_strength,choice,correctness,RT_ms,response_hand,artifact_rejection_flag",Missing required trial-level metadata and source data are response-locked rather than stimulus-locked.
61,Kosciessa_et_al_2021,response_locked,3,inferred_from_notebook_plot_window,"trial_id,source_dataset,alignment,n_channels","subject_id,condition,evidence_strength,choice,correctness,RT_ms,response_hand,artifact_rejection_flag",Missing required trial-level metadata and source data are response-locked rather than stimulus-locked.
62,Kosciessa_et_al_2021,response_locked,3,inferred_from_notebook_plot_window,"trial_id,source_dataset,alignment,n_channels","subject_id,condition,evidence_strength,choice,correctness,RT_ms,response_hand,artifact_rejection_flag",Missing required trial-level metadata and source data are response-locked rather than stimulus-locked.
63,Kosciessa_et_al_2021,response_locked,3,inferred_from_notebook_plot_window,"trial_id,source_dataset,alignment,n_channels","subject_id,condition,evidence_strength,choice,correctness,RT_ms,response_hand,artifact_rejection_flag",Missing required trial-level metadata and source data are response-locked rather than stimulus-locked.
64,Kosciessa_et_al_2021,response_locked,3,inferred_from_notebook_plot_window,"trial_id,source_dataset,alignment,n_channels","subject_id,condition,evidence_strength,choice,correctness,RT_ms,response_hand,artifact_rejection_flag",Missing required trial-level metadata and source data are response-locked rather than stimulus-locked.
65,Kosciessa_et_al_2021,response_locked,3,inferred_from_notebook_plot_window,"trial_id,source_dataset,alignment,n_channels","subject_id,condition,evidence_strength,choice,correctness,RT_ms,response_hand,artifact_rejection_flag",Missing required trial-level metadata and source data are response-locked rather than stimulus-locked.
66,Kosciessa_et_al_2021,response_locked,3,inferred_from_notebook_plot_window,"trial_id,source_dataset,alignment,n_channels","subject_id,condition,evidence_strength,choice,correctness,RT_ms,response_hand,artifact_rejection_flag",Missing required trial-level metadata and source data are response-locked rather than stimulus-locked.
67,Kosciessa_et_al_2021,response_locked,3,inferred_from_notebook_plot_window,"trial_id,source_dataset,alignment,n_channels","subject_id,condition,evidence_strength,choice,correctness,RT_ms,response_hand,artifact_rejection_flag",Missing required trial-level metadata and source data are response-locked rather than stimulus-locked.
68,Kosciessa_et_al_2021,response_locked,3,inferred_from_notebook_plot_window,"trial_id,source_dataset,alignment,n_channels","subject_id,condition,evidence_strength,choice,correctness,RT_ms,response_hand,artifact_rejection_flag",Missing required trial-level metadata and source data are response-locked rather than stimulus-locked.
69,Kosciessa_et_al_2021,response_locked,3,inferred_from_notebook_plot_window,"trial_id,source_dataset,alignment,n_channels","subject_id,condition,evidence_strength,choice,correctness,RT_ms,response_hand,artifact_rejection_flag",Missing required trial-level metadata and source data are response-locked rather than stimulus-locked.
70,Kosciessa_et_al_2021,response_locked,3,inferred_from_notebook_plot_window,"trial_id,source_dataset,alignment,n_channels","subject_id,condition,evidence_strength,choice,correctness,RT_ms,response_hand,artifact_rejection_flag",Missing required trial-level metadata and source data are response-locked rather than stimulus-locked.
71,Kosciessa_et_al_2021,response_locked,3,inferred_from_notebook_plot_window,"trial_id,source_dataset,alignment,n_channels","subject_id,condition,evidence_strength,choice,correctness,RT_ms,response_hand,artifact_rejection_flag",Missing required trial-level metadata and source data are response-locked rather than stimulus-locked.
72,Kosciessa_et_al_2021,response_locked,3,inferred_from_notebook_plot_window,"trial_id,source_dataset,alignment,n_channels","subject_id,condition,evidence_strength,choice,correctness,RT_ms,response_hand,artifact_rejection_flag",Missing required trial-level metadata and source data are response-locked rather than stimulus-locked.
73,Kosciessa_et_al_2021,response_locked,3,inferred_from_notebook_plot_window,"trial_id,source_dataset,alignment,n_channels","subject_id,condition,evidence_strength,choice,correctness,RT_ms,response_hand,artifact_rejection_flag",Missing required trial-level metadata and source data are response-locked rather than stimulus-locked.
74,Kosciessa_et_al_2021,response_locked,3,inferred_from_notebook_plot_window,"trial_id,source_dataset,alignment,n_channels","subject_id,condition,evidence_strength,choice,correctness,RT_ms,response_hand,artifact_rejection_flag",Missing required trial-level metadata and source data are response-locked rather than stimulus-locked.
75,Kosciessa_et_al_2021,response_locked,3,inferred_from_notebook_plot_window,"trial_id,source_dataset,alignment,n_channels","subject_id,condition,evidence_strength,choice,correctness,RT_ms,response_hand,artifact_rejection_flag",Missing required trial-level metadata and source data are response-locked rather than stimulus-locked.
76,Kosciessa_et_al_2021,response_locked,3,inferred_from_notebook_plot_window,"trial_id,source_dataset,alignment,n_channels","subject_id,condition,evidence_strength,choice,correctness,RT_ms,response_hand,artifact_rejection_flag",Missing required trial-level metadata and source data are response-locked rather than stimulus-locked.
77,Kosciessa_et_al_2021,response_locked,3,inferred_from_notebook_plot_window,"trial_id,source_dataset,alignment,n_channels","subject_id,condition,evidence_strength,choice,correctness,RT_ms,response_hand,artifact_rejection_flag",Missing required trial-level metadata and source data are response-locked rather than stimulus-locked.
78,Kosciessa_et_al_2021,response_locked,3,inferred_from_notebook_plot_window,"trial_id,source_dataset,alignment,n_channels","subject_id,condition,evidence_strength,choice,correctness,RT_ms,response_hand,artifact_rejection_flag",Missing required trial-level metadata and source data are response-locked rather than stimulus-locked.
79,Kosciessa_et_al_2021,response_locked,3,inferred_from_notebook_plot_window,"trial_id,source_dataset,alignment,n_channels","subject_id,condition,evidence_strength,choice,correctness,RT_ms,response_hand,artifact_rejection_flag",Missing required trial-level metadata and source data are response-locked rather than stimulus-locked.
80,Kosciessa_et_al_2021,response_locked,3,inferred_from_notebook_plot_window,"trial_id,source_dataset,alignment,n_channels","subject_id,condition,evidence_strength,choice,correctness,RT_ms,response_hand,artifact_rejection_flag",Missing required trial-level metadata and source data are response-locked rather than stimulus-locked.
81,Kosciessa_et_al_2021,response_locked,3,inferred_from_notebook_plot_window,"trial_id,source_dataset,alignment,n_channels","subject_id,condition,evidence_strength,choice,correctness,RT_ms,response_hand,artifact_rejection_flag",Missing required trial-level metadata and source data are response-locked rather than stimulus-locked.
82,Kosciessa_et_al_2021,response_locked,3,inferred_from_notebook_plot_window,"trial_id,source_dataset,alignment,n_channels","subject_id,condition,evidence_strength,choice,correctness,RT_ms,response_hand,artifact_rejection_flag",Missing required trial-level metadata and source data are response-locked rather than stimulus-locked.
83,Kosciessa_et_al_2021,response_locked,3,inferred_from_notebook_plot_window,"trial_id,source_dataset,alignment,n_channels","subject_id,condition,evidence_strength,choice,correctness,RT_ms,response_hand,artifact_rejection_flag",Missing required trial-level metadata and source data are response-locked rather than stimulus-locked.
84,Kosciessa_et_al_2021,response_locked,3,inferred_from_notebook_plot_window,"trial_id,source_dataset,alignment,n_channels","subject_id,condition,evidence_strength,choice,correctness,RT_ms,response_hand,artifact_rejection_flag",Missing required trial-level metadata and source data are response-locked rather than stimulus-locked.
85,Kosciessa_et_al_2021,response_locked,3,inferred_from_notebook_plot_window,"trial_id,source_dataset,alignment,n_channels","subject_id,condition,evidence_strength,choice,correctness,RT_ms,response_hand,artifact_rejection_flag",Missing required trial-level metadata and source data are response-locked rather than stimulus-locked.
86,Kosciessa_et_al_2021,response_locked,3,inferred_from_notebook_plot_window,"trial_id,source_dataset,alignment,n_channels","subject_id,condition,evidence_strength,choice,correctness,RT_ms,response_hand,artifact_rejection_flag",Missing required trial-level metadata and source data are response-locked rather than stimulus-locked.
87,Kosciessa_et_al_2021,response_locked,3,inferred_from_notebook_plot_window,"trial_id,source_dataset,alignment,n_channels","subject_id,condition,evidence_strength,choice,correctness,RT_ms,response_hand,artifact_rejection_flag",Missing required trial-level metadata and source data are response-locked rather than stimulus-locked.
88,Kosciessa_et_al_2021,response_locked,3,inferred_from_notebook_plot_window,"trial_id,source_dataset,alignment,n_channels","subject_id,condition,evidence_strength,choice,correctness,RT_ms,response_hand,artifact_rejection_flag",Missing required trial-level metadata and source data are response-locked rather than stimulus-locked.
89,Kosciessa_et_al_2021,response_locked,3,inferred_from_notebook_plot_window,"trial_id,source_dataset,alignment,n_channels","subject_id,condition,evidence_strength,choice,correctness,RT_ms,response_hand,artifact_rejection_flag",Missing required trial-level metadata and source data are response-locked rather than stimulus-locked.
90,Kosciessa_et_al_2021,response_locked,3,inferred_from_notebook_plot_window,"trial_id,source_dataset,alignment,n_channels","subject_id,condition,evidence_strength,choice,correctness,RT_ms,response_hand,artifact_rejection_flag",Missing required trial-level metadata and source data are response-locked rather than stimulus-locked.
91,Kosciessa_et_al_2021,response_locked,3,inferred_from_notebook_plot_window,"trial_id,source_dataset,alignment,n_channels","subject_id,condition,evidence_strength,choice,correctness,RT_ms,response_hand,artifact_rejection_flag",Missing required trial-level metadata and source data are response-locked rather than stimulus-locked.
92,Kosciessa_et_al_2021,response_locked,3,inferred_from_notebook_plot_window,"trial_id,source_dataset,alignment,n_channels","subject_id,condition,evidence_strength,choice,correctness,RT_ms,response_hand,artifact_rejection_flag",Missing required trial-level metadata and source data are response-locked rather than stimulus-locked.
93,Kosciessa_et_al_2021,response_locked,3,inferred_from_notebook_plot_window,"trial_id,source_dataset,alignment,n_channels","subject_id,condition,evidence_strength,choice,correctness,RT_ms,response_hand,artifact_rejection_flag",Missing required trial-level metadata and source data are response-locked rather than stimulus-locked.
94,Kosciessa_et_al_2021,response_locked,3,inferred_from_notebook_plot_window,"trial_id,source_dataset,alignment,n_channels","subject_id,condition,evidence_strength,choice,correctness,RT_ms,response_hand,artifact_rejection_flag",Missing required trial-level metadata and source data are response-locked rather than stimulus-locked.
95,Kosciessa_et_al_2021,response_locked,3,inferred_from_notebook_plot_window,"trial_id,source_dataset,alignment,n_channels","subject_id,condition,evidence_strength,choice,correctness,RT_ms,response_hand,artifact_rejection_flag",Missing required trial-level metadata and source data are response-locked rather than stimulus-locked.
96,Kosciessa_et_al_2021,response_locked,3,inferred_from_notebook_plot_window,"trial_id,source_dataset,alignment,n_channels","subject_id,condition,evidence_strength,choice,correctness,RT_ms,response_hand,artifact_rejection_flag",Missing required trial-level metadata and source data are response-locked rather than stimulus-locked.
97,Kosciessa_et_al_2021,response_locked,3,inferred_from_notebook_plot_window,"trial_id,source_dataset,alignment,n_channels","subject_id,condition,evidence_strength,choice,correctness,RT_ms,response_hand,artifact_rejection_flag",Missing required trial-level metadata and source data are response-locked rather than stimulus-locked.
98,Kosciessa_et_al_2021,response_locked,3,inferred_from_notebook_plot_window,"trial_id,source_dataset,alignment,n_channels","subject_id,condition,evidence_strength,choice,correctness,RT_ms,response_hand,artifact_rejection_flag",Missing required trial-level metadata and source data are response-locked rather than stimulus-locked.
99,Kosciessa_et_al_2021,response_locked,3,inferred_from_notebook_plot_window,"trial_id,source_dataset,alignment,n_channels","subject_id,condition,evidence_strength,choice,correctness,RT_ms,response_hand,artifact_rejection_flag",Missing required trial-level metadata and source data are response-locked rather than stimulus-locked.
100,Kosciessa_et_al_2021,response_locked,3,inferred_from_notebook_plot_window,"trial_id,source_dataset,alignment,n_channels","subject_id,condition,evidence_strength,choice,correctness,RT_ms,response_hand,artifact_rejection_flag",Missing required trial-level metadata and source data are response-locked rather than stimulus-locked.
101,Kosciessa_et_al_2021,response_locked,3,inferred_from_notebook_plot_window,"trial_id,source_dataset,alignment,n_channels","subject_id,condition,evidence_strength,choice,correctness,RT_ms,response_hand,artifact_rejection_flag",Missing required trial-level metadata and source data are response-locked rather than stimulus-locked.
102,Kosciessa_et_al_2021,response_locked,3,inferred_from_notebook_plot_window,"trial_id,source_dataset,alignment,n_channels","subject_id,condition,evidence_strength,choice,correctness,RT_ms,response_hand,artifact_rejection_flag",Missing required trial-level metadata and source data are response-locked rather than stimulus-locked.
103,Kosciessa_et_al_2021,response_locked,3,inferred_from_notebook_plot_window,"trial_id,source_dataset,alignment,n_channels","subject_id,condition,evidence_strength,choice,correctness,RT_ms,response_hand,artifact_rejection_flag",Missing required trial-level metadata and source data are response-locked rather than stimulus-locked.
104,Kosciessa_et_al_2021,response_locked,3,inferred_from_notebook_plot_window,"trial_id,source_dataset,alignment,n_channels","subject_id,condition,evidence_strength,choice,correctness,RT_ms,response_hand,artifact_rejection_flag",Missing required trial-level metadata and source data are response-locked rather than stimulus-locked.
105,Kosciessa_et_al_2021,response_locked,3,inferred_from_notebook_plot_window,"trial_id,source_dataset,alignment,n_channels","subject_id,condition,evidence_strength,choice,correctness,RT_ms,response_hand,artifact_rejection_flag",Missing required trial-level metadata and source data are response-locked rather than stimulus-locked.
106,Kosciessa_et_al_2021,response_locked,3,inferred_from_notebook_plot_window,"trial_id,source_dataset,alignment,n_channels","subject_id,condition,evidence_strength,choice,correctness,RT_ms,response_hand,artifact_rejection_flag",Missing required trial-level metadata and source data are response-locked rather than stimulus-locked.
107,Kosciessa_et_al_2021,response_locked,3,inferred_from_notebook_plot_window,"trial_id,source_dataset,alignment,n_channels","subject_id,condition,evidence_strength,choice,correctness,RT_ms,response_hand,artifact_rejection_flag",Missing required trial-level metadata and source data are response-locked rather than stimulus-locked.
108,Kosciessa_et_al_2021,response_locked,3,inferred_from_notebook_plot_window,"trial_id,source_dataset,alignment,n_channels","subject_id,condition,evidence_strength,choice,correctness,RT_ms,response_hand,artifact_rejection_flag",Missing required trial-level metadata and source data are response-locked rather than stimulus-locked.
109,Kosciessa_et_al_2021,response_locked,3,inferred_from_notebook_plot_window,"trial_id,source_dataset,alignment,n_channels","subject_id,condition,evidence_strength,choice,correctness,RT_ms,response_hand,artifact_rejection_flag",Missing required trial-level metadata and source data are response-locked rather than stimulus-locked.
110,Kosciessa_et_al_2021,response_locked,3,inferred_from_notebook_plot_window,"trial_id,source_dataset,alignment,n_channels","subject_id,condition,evidence_strength,choice,correctness,RT_ms,response_hand,artifact_rejection_flag",Missing required trial-level metadata and source data are response-locked rather than stimulus-locked.
111,Kosciessa_et_al_2021,response_locked,3,inferred_from_notebook_plot_window,"trial_id,source_dataset,alignment,n_channels","subject_id,condition,evidence_strength,choice,correctness,RT_ms,response_hand,artifact_rejection_flag",Missing required trial-level metadata and source data are response-locked rather than stimulus-locked.
112,Kosciessa_et_al_2021,response_locked,3,inferred_from_notebook_plot_window,"trial_id,source_dataset,alignment,n_channels","subject_id,condition,evidence_strength,choice,correctness,RT_ms,response_hand,artifact_rejection_flag",Missing required trial-level metadata and source data are response-locked rather than stimulus-locked.
113,Kosciessa_et_al_2021,response_locked,3,inferred_from_notebook_plot_window,"trial_id,source_dataset,alignment,n_channels","subject_id,condition,evidence_strength,choice,correctness,RT_ms,response_hand,artifact_rejection_flag",Missing required trial-level metadata and source data are response-locked rather than stimulus-locked.
114,Kosciessa_et_al_2021,response_locked,3,inferred_from_notebook_plot_window,"trial_id,source_dataset,alignment,n_channels","subject_id,condition,evidence_strength,choice,correctness,RT_ms,response_hand,artifact_rejection_flag",Missing required trial-level metadata and source data are response-locked rather than stimulus-locked.
115,Kosciessa_et_al_2021,response_locked,3,inferred_from_notebook_plot_window,"trial_id,source_dataset,alignment,n_channels","subject_id,condition,evidence_strength,choice,correctness,RT_ms,response_hand,artifact_rejection_flag",Missing required trial-level metadata and source data are response-locked rather than stimulus-locked.
116,Kosciessa_et_al_2021,response_locked,3,inferred_from_notebook_plot_window,"trial_id,source_dataset,alignment,n_channels","subject_id,condition,evidence_strength,choice,correctness,RT_ms,response_hand,artifact_rejection_flag",Missing required trial-level metadata and source data are response-locked rather than stimulus-locked.
117,Kosciessa_et_al_2021,response_locked,3,inferred_from_notebook_plot_window,"trial_id,source_dataset,alignment,n_channels","subject_id,condition,evidence_strength,choice,correctness,RT_ms,response_hand,artifact_rejection_flag",Missing required trial-level metadata and source data are response-locked rather than stimulus-locked.
118,Kosciessa_et_al_2021,response_locked,3,inferred_from_notebook_plot_window,"trial_id,source_dataset,alignment,n_channels","subject_id,condition,evidence_strength,choice,correctness,RT_ms,response_hand,artifact_rejection_flag",Missing required trial-level metadata and source data are response-locked rather than stimulus-locked.
119,Kosciessa_et_al_2021,response_locked,3,inferred_from_notebook_plot_window,"trial_id,source_dataset,alignment,n_channels","subject_id,condition,evidence_strength,choice,correctness,RT_ms,response_hand,artifact_rejection_flag",Missing required trial-level metadata and source data are response-locked rather than stimulus-locked.
120,Kosciessa_et_al_2021,response_locked,3,inferred_from_notebook_plot_window,"trial_id,source_dataset,alignment,n_channels","subject_id,condition,evidence_strength,choice,correctness,RT_ms,response_hand,artifact_rejection_flag",Missing required trial-level metadata and source data are response-locked rather than stimulus-locked.
121,Kosciessa_et_al_2021,response_locked,3,inferred_from_notebook_plot_window,"trial_id,source_dataset,alignment,n_channels","subject_id,condition,evidence_strength,choice,correctness,RT_ms,response_hand,artifact_rejection_flag",Missing required trial-level metadata and source data are response-locked rather than stimulus-locked.
122,Kosciessa_et_al_2021,response_locked,3,inferred_from_notebook_plot_window,"trial_id,source_dataset,alignment,n_channels","subject_id,condition,evidence_strength,choice,correctness,RT_ms,response_hand,artifact_rejection_flag",Missing required trial-level metadata and source data are response-locked rather than stimulus-locked.
123,Kosciessa_et_al_2021,response_locked,3,inferred_from_notebook_plot_window,"trial_id,source_dataset,alignment,n_channels","subject_id,condition,evidence_strength,choice,correctness,RT_ms,response_hand,artifact_rejection_flag",Missing required trial-level metadata and source data are response-locked rather than stimulus-locked.
124,Kosciessa_et_al_2021,response_locked,3,inferred_from_notebook_plot_window,"trial_id,source_dataset,alignment,n_channels","subject_id,condition,evidence_strength,choice,correctness,RT_ms,response_hand,artifact_rejection_flag",Missing required trial-level metadata and source data are response-locked rather than stimulus-locked.
125,Kosciessa_et_al_2021,response_locked,3,inferred_from_notebook_plot_window,"trial_id,source_dataset,alignment,n_channels","subject_id,condition,evidence_strength,choice,correctness,RT_ms,response_hand,artifact_rejection_flag",Missing required trial-level metadata and source data are response-locked rather than stimulus-locked.
126,Kosciessa_et_al_2021,response_locked,3,inferred_from_notebook_plot_window,"trial_id,source_dataset,alignment,n_channels","subject_id,condition,evidence_strength,choice,correctness,RT_ms,response_hand,artifact_rejection_flag",Missing required trial-level metadata and source data are response-locked rather than stimulus-locked.
127,Kosciessa_et_al_2021,response_locked,3,inferred_from_notebook_plot_window,"trial_id,source_dataset,alignment,n_channels","subject_id,condition,evidence_strength,choice,correctness,RT_ms,response_hand,artifact_rejection_flag",Missing required trial-level metadata and source data are response-locked rather than stimulus-locked.
128,Kosciessa_et_al_2021,response_locked,3,inferred_from_notebook_plot_window,"trial_id,source_dataset,alignment,n_channels","subject_id,condition,evidence_strength,choice,correctness,RT_ms,response_hand,artifact_rejection_flag",Missing required trial-level metadata and source data are response-locked rather than stimulus-locked.
129,Kosciessa_et_al_2021,response_locked,3,inferred_from_notebook_plot_window,"trial_id,source_dataset,alignment,n_channels","subject_id,condition,evidence_strength,choice,correctness,RT_ms,response_hand,artifact_rejection_flag",Missing required trial-level metadata and source data are response-locked rather than stimulus-locked.
130,Kosciessa_et_al_2021,response_locked,3,inferred_from_notebook_plot_window,"trial_id,source_dataset,alignment,n_channels","subject_id,condition,evidence_strength,choice,correctness,RT_ms,response_hand,artifact_rejection_flag",Missing required trial-level metadata and source data are response-locked rather than stimulus-locked.
131,Kosciessa_et_al_2021,response_locked,3,inferred_from_notebook_plot_window,"trial_id,source_dataset,alignment,n_channels","subject_id,condition,evidence_strength,choice,correctness,RT_ms,response_hand,artifact_rejection_flag",Missing required trial-level metadata and source data are response-locked rather than stimulus-locked.
132,Kosciessa_et_al_2021,response_locked,3,inferred_from_notebook_plot_window,"trial_id,source_dataset,alignment,n_channels","subject_id,condition,evidence_strength,choice,correctness,RT_ms,response_hand,artifact_rejection_flag",Missing required trial-level metadata and source data are response-locked rather than stimulus-locked.
133,Kosciessa_et_al_2021,response_locked,3,inferred_from_notebook_plot_window,"trial_id,source_dataset,alignment,n_channels","subject_id,condition,evidence_strength,choice,correctness,RT_ms,response_hand,artifact_rejection_flag",Missing required trial-level metadata and source data are response-locked rather than stimulus-locked.
134,Kosciessa_et_al_2021,response_locked,3,inferred_from_notebook_plot_window,"trial_id,source_dataset,alignment,n_channels","subject_id,condition,evidence_strength,choice,correctness,RT_ms,response_hand,artifact_rejection_flag",Missing required trial-level metadata and source data are response-locked rather than stimulus-locked.
135,Kosciessa_et_al_2021,response_locked,3,inferred_from_notebook_plot_window,"trial_id,source_dataset,alignment,n_channels","subject_id,condition,evidence_strength,choice,correctness,RT_ms,response_hand,artifact_rejection_flag",Missing required trial-level metadata and source data are response-locked rather than stimulus-locked.
136,Kosciessa_et_al_2021,response_locked,3,inferred_from_notebook_plot_window,"trial_id,source_dataset,alignment,n_channels","subject_id,condition,evidence_strength,choice,correctness,RT_ms,response_hand,artifact_rejection_flag",Missing required trial-level metadata and source data are response-locked rather than stimulus-locked.
137,Kosciessa_et_al_2021,response_locked,3,inferred_from_notebook_plot_window,"trial_id,source_dataset,alignment,n_channels","subject_id,condition,evidence_strength,choice,correctness,RT_ms,response_hand,artifact_rejection_flag",Missing required trial-level metadata and source data are response-locked rather than stimulus-locked.
138,Kosciessa_et_al_2021,response_locked,3,inferred_from_notebook_plot_window,"trial_id,source_dataset,alignment,n_channels","subject_id,condition,evidence_strength,choice,correctness,RT_ms,response_hand,artifact_rejection_flag",Missing required trial-level metadata and source data are response-locked rather than stimulus-locked.
139,Kosciessa_et_al_2021,response_locked,3,inferred_from_notebook_plot_window,"trial_id,source_dataset,alignment,n_channels","subject_id,condition,evidence_strength,choice,correctness,RT_ms,response_hand,artifact_rejection_flag",Missing required trial-level metadata and source data are response-locked rather than stimulus-locked.
140,Kosciessa_et_al_2021,response_locked,3,inferred_from_notebook_plot_window,"trial_id,source_dataset,alignment,n_channels","subject_id,condition,evidence_strength,choice,correctness,RT_ms,response_hand,artifact_rejection_flag",Missing required trial-level metadata and source data are response-locked rather than stimulus-locked.
141,Kosciessa_et_al_2021,response_locked,3,inferred_from_notebook_plot_window,"trial_id,source_dataset,alignment,n_channels","subject_id,condition,evidence_strength,choice,correctness,RT_ms,response_hand,artifact_rejection_flag",Missing required trial-level metadata and source data are response-locked rather than stimulus-locked.
142,Kosciessa_et_al_2021,response_locked,3,inferred_from_notebook_plot_window,"trial_id,source_dataset,alignment,n_channels","subject_id,condition,evidence_strength,choice,correctness,RT_ms,response_hand,artifact_rejection_flag",Missing required trial-level metadata and source data are response-locked rather than stimulus-locked.
143,Kosciessa_et_al_2021,response_locked,3,inferred_from_notebook_plot_window,"trial_id,source_dataset,alignment,n_channels","subject_id,condition,evidence_strength,choice,correctness,RT_ms,response_hand,artifact_rejection_flag",Missing required trial-level metadata and source data are response-locked rather than stimulus-locked.
144,Kosciessa_et_al_2021,response_locked,3,inferred_from_notebook_plot_window,"trial_id,source_dataset,alignment,n_channels","subject_id,condition,evidence_strength,choice,correctness,RT_ms,response_hand,artifact_rejection_flag",Missing required trial-level metadata and source data are response-locked rather than stimulus-locked.
145,Kosciessa_et_al_2021,response_locked,3,inferred_from_notebook_plot_window,"trial_id,source_dataset,alignment,n_channels","subject_id,condition,evidence_strength,choice,correctness,RT_ms,response_hand,artifact_rejection_flag",Missing required trial-level metadata and source data are response-locked rather than stimulus-locked.
146,Kosciessa_et_al_2021,response_locked,3,inferred_from_notebook_plot_window,"trial_id,source_dataset,alignment,n_channels","subject_id,condition,evidence_strength,choice,correctness,RT_ms,response_hand,artifact_rejection_flag",Missing required trial-level metadata and source data are response-locked rather than stimulus-locked.
147,Kosciessa_et_al_2021,response_locked,3,inferred_from_notebook_plot_window,"trial_id,source_dataset,alignment,n_channels","subject_id,condition,evidence_strength,choice,correctness,RT_ms,response_hand,artifact_rejection_flag",Missing required trial-level metadata and source data are response-locked rather than stimulus-locked.
148,Kosciessa_et_al_2021,response_locked,3,inferred_from_notebook_plot_window,"trial_id,source_dataset,alignment,n_channels","subject_id,condition,evidence_strength,choice,correctness,RT_ms,response_hand,artifact_rejection_flag",Missing required trial-level metadata and source data are response-locked rather than stimulus-locked.
149,Kosciessa_et_al_2021,response_locked,3,inferred_from_notebook_plot_window,"trial_id,source_dataset,alignment,n_channels","subject_id,condition,evidence_strength,choice,correctness,RT_ms,response_hand,artifact_rejection_flag",Missing required trial-level metadata and source data are response-locked rather than stimulus-locked.
150,Kosciessa_et_al_2021,response_locked,3,inferred_from_notebook_plot_window,"trial_id,source_dataset,alignment,n_channels","subject_id,condition,evidence_strength,choice,correctness,RT_ms,response_hand,artifact_rejection_flag",Missing required trial-level metadata and source data are response-locked rather than stimulus-locked.
151,Kosciessa_et_al_2021,response_locked,3,inferred_from_notebook_plot_window,"trial_id,source_dataset,alignment,n_channels","subject_id,condition,evidence_strength,choice,correctness,RT_ms,response_hand,artifact_rejection_flag",Missing required trial-level metadata and source data are response-locked rather than stimulus-locked.
152,Kosciessa_et_al_2021,response_locked,3,inferred_from_notebook_plot_window,"trial_id,source_dataset,alignment,n_channels","subject_id,condition,evidence_strength,choice,correctness,RT_ms,response_hand,artifact_rejection_flag",Missing required trial-level metadata and source data are response-locked rather than stimulus-locked.
153,Kosciessa_et_al_2021,response_locked,3,inferred_from_notebook_plot_window,"trial_id,source_dataset,alignment,n_channels","subject_id,condition,evidence_strength,choice,correctness,RT_ms,response_hand,artifact_rejection_flag",Missing required trial-level metadata and source data are response-locked rather than stimulus-locked.
154,Kosciessa_et_al_2021,response_locked,3,inferred_from_notebook_plot_window,"trial_id,source_dataset,alignment,n_channels","subject_id,condition,evidence_strength,choice,correctness,RT_ms,response_hand,artifact_rejection_flag",Missing required trial-level metadata and source data are response-locked rather than stimulus-locked.
155,Kosciessa_et_al_2021,response_locked,3,inferred_from_notebook_plot_window,"trial_id,source_dataset,alignment,n_channels","subject_id,condition,evidence_strength,choice,correctness,RT_ms,response_hand,artifact_rejection_flag",Missing required trial-level metadata and source data are response-locked rather than stimulus-locked.
156,Kosciessa_et_al_2021,response_locked,3,inferred_from_notebook_plot_window,"trial_id,source_dataset,alignment,n_channels","subject_id,condition,evidence_strength,choice,correctness,RT_ms,response_hand,artifact_rejection_flag",Missing required trial-level metadata and source data are response-locked rather than stimulus-locked.
157,Kosciessa_et_al_2021,response_locked,3,inferred_from_notebook_plot_window,"trial_id,source_dataset,alignment,n_channels","subject_id,condition,evidence_strength,choice,correctness,RT_ms,response_hand,artifact_rejection_flag",Missing required trial-level metadata and source data are response-locked rather than stimulus-locked.
158,Kosciessa_et_al_2021,response_locked,3,inferred_from_notebook_plot_window,"trial_id,source_dataset,alignment,n_channels","subject_id,condition,evidence_strength,choice,correctness,RT_ms,response_hand,artifact_rejection_flag",Missing required trial-level metadata and source data are response-locked rather than stimulus-locked.
159,Kosciessa_et_al_2021,response_locked,3,inferred_from_notebook_plot_window,"trial_id,source_dataset,alignment,n_channels","subject_id,condition,evidence_strength,choice,correctness,RT_ms,response_hand,artifact_rejection_flag",Missing required trial-level metadata and source data are response-locked rather than stimulus-locked.
160,Kosciessa_et_al_2021,response_locked,3,inferred_from_notebook_plot_window,"trial_id,source_dataset,alignment,n_channels","subject_id,condition,evidence_strength,choice,correctness,RT_ms,response_hand,artifact_rejection_flag",Missing required trial-level metadata and source data are response-locked rather than stimulus-locked.
161,Kosciessa_et_al_2021,response_locked,3,inferred_from_notebook_plot_window,"trial_id,source_dataset,alignment,n_channels","subject_id,condition,evidence_strength,choice,correctness,RT_ms,response_hand,artifact_rejection_flag",Missing required trial-level metadata and source data are response-locked rather than stimulus-locked.
162,Kosciessa_et_al_2021,response_locked,3,inferred_from_notebook_plot_window,"trial_id,source_dataset,alignment,n_channels","subject_id,condition,evidence_strength,choice,correctness,RT_ms,response_hand,artifact_rejection_flag",Missing required trial-level metadata and source data are response-locked rather than stimulus-locked.
163,Kosciessa_et_al_2021,response_locked,3,inferred_from_notebook_plot_window,"trial_id,source_dataset,alignment,n_channels","subject_id,condition,evidence_strength,choice,correctness,RT_ms,response_hand,artifact_rejection_flag",Missing required trial-level metadata and source data are response-locked rather than stimulus-locked.
164,Kosciessa_et_al_2021,response_locked,3,inferred_from_notebook_plot_window,"trial_id,source_dataset,alignment,n_channels","subject_id,condition,evidence_strength,choice,correctness,RT_ms,response_hand,artifact_rejection_flag",Missing required trial-level metadata and source data are response-locked rather than stimulus-locked.
165,Kosciessa_et_al_2021,response_locked,3,inferred_from_notebook_plot_window,"trial_id,source_dataset,alignment,n_channels","subject_id,condition,evidence_strength,choice,correctness,RT_ms,response_hand,artifact_rejection_flag",Missing required trial-level metadata and source data are response-locked rather than stimulus-locked.
166,Kosciessa_et_al_2021,response_locked,3,inferred_from_notebook_plot_window,"trial_id,source_dataset,alignment,n_channels","subject_id,condition,evidence_strength,choice,correctness,RT_ms,response_hand,artifact_rejection_flag",Missing required trial-level metadata and source data are response-locked rather than stimulus-locked.
167,Kosciessa_et_al_2021,response_locked,3,inferred_from_notebook_plot_window,"trial_id,source_dataset,alignment,n_channels","subject_id,condition,evidence_strength,choice,correctness,RT_ms,response_hand,artifact_rejection_flag",Missing required trial-level metadata and source data are response-locked rather than stimulus-locked.
168,Kosciessa_et_al_2021,response_locked,3,inferred_from_notebook_plot_window,"trial_id,source_dataset,alignment,n_channels","subject_id,condition,evidence_strength,choice,correctness,RT_ms,response_hand,artifact_rejection_flag",Missing required trial-level metadata and source data are response-locked rather than stimulus-locked.
169,Kosciessa_et_al_2021,response_locked,3,inferred_from_notebook_plot_window,"trial_id,source_dataset,alignment,n_channels","subject_id,condition,evidence_strength,choice,correctness,RT_ms,response_hand,artifact_rejection_flag",Missing required trial-level metadata and source data are response-locked rather than stimulus-locked.
170,Kosciessa_et_al_2021,response_locked,3,inferred_from_notebook_plot_window,"trial_id,source_dataset,alignment,n_channels","subject_id,condition,evidence_strength,choice,correctness,RT_ms,response_hand,artifact_rejection_flag",Missing required trial-level metadata and source data are response-locked rather than stimulus-locked.
171,Kosciessa_et_al_2021,response_locked,3,inferred_from_notebook_plot_window,"trial_id,source_dataset,alignment,n_channels","subject_id,condition,evidence_strength,choice,correctness,RT_ms,response_hand,artifact_rejection_flag",Missing required trial-level metadata and source data are response-locked rather than stimulus-locked.
172,Kosciessa_et_al_2021,response_locked,3,inferred_from_notebook_plot_window,"trial_id,source_dataset,alignment,n_channels","subject_id,condition,evidence_strength,choice,correctness,RT_ms,response_hand,artifact_rejection_flag",Missing required trial-level metadata and source data are response-locked rather than stimulus-locked.
173,Kosciessa_et_al_2021,response_locked,3,inferred_from_notebook_plot_window,"trial_id,source_dataset,alignment,n_channels","subject_id,condition,evidence_strength,choice,correctness,RT_ms,response_hand,artifact_rejection_flag",Missing required trial-level metadata and source data are response-locked rather than stimulus-locked.
174,Kosciessa_et_al_2021,response_locked,3,inferred_from_notebook_plot_window,"trial_id,source_dataset,alignment,n_channels","subject_id,condition,evidence_strength,choice,correctness,RT_ms,response_hand,artifact_rejection_flag",Missing required trial-level metadata and source data are response-locked rather than stimulus-locked.
175,Kosciessa_et_al_2021,response_locked,3,inferred_from_notebook_plot_window,"trial_id,source_dataset,alignment,n_channels","subject_id,condition,evidence_strength,choice,correctness,RT_ms,response_hand,artifact_rejection_flag",Missing required trial-level metadata and source data are response-locked rather than stimulus-locked.
176,Kosciessa_et_al_2021,response_locked,3,inferred_from_notebook_plot_window,"trial_id,source_dataset,alignment,n_channels","subject_id,condition,evidence_strength,choice,correctness,RT_ms,response_hand,artifact_rejection_flag",Missing required trial-level metadata and source data are response-locked rather than stimulus-locked.
177,Kosciessa_et_al_2021,response_locked,3,inferred_from_notebook_plot_window,"trial_id,source_dataset,alignment,n_channels","subject_id,condition,evidence_strength,choice,correctness,RT_ms,response_hand,artifact_rejection_flag",Missing required trial-level metadata and source data are response-locked rather than stimulus-locked.
178,Kosciessa_et_al_2021,response_locked,3,inferred_from_notebook_plot_window,"trial_id,source_dataset,alignment,n_channels","subject_id,condition,evidence_strength,choice,correctness,RT_ms,response_hand,artifact_rejection_flag",Missing required trial-level metadata and source data are response-locked rather than stimulus-locked.
179,Kosciessa_et_al_2021,response_locked,3,inferred_from_notebook_plot_window,"trial_id,source_dataset,alignment,n_channels","subject_id,condition,evidence_strength,choice,correctness,RT_ms,response_hand,artifact_rejection_flag",Missing required trial-level metadata and source data are response-locked rather than stimulus-locked.
180,Kosciessa_et_al_2021,response_locked,3,inferred_from_notebook_plot_window,"trial_id,source_dataset,alignment,n_channels","subject_id,condition,evidence_strength,choice,correctness,RT_ms,response_hand,artifact_rejection_flag",Missing required trial-level metadata and source data are response-locked rather than stimulus-locked.
181,Kosciessa_et_al_2021,response_locked,3,inferred_from_notebook_plot_window,"trial_id,source_dataset,alignment,n_channels","subject_id,condition,evidence_strength,choice,correctness,RT_ms,response_hand,artifact_rejection_flag",Missing required trial-level metadata and source data are response-locked rather than stimulus-locked.
182,Kosciessa_et_al_2021,response_locked,3,inferred_from_notebook_plot_window,"trial_id,source_dataset,alignment,n_channels","subject_id,condition,evidence_strength,choice,correctness,RT_ms,response_hand,artifact_rejection_flag",Missing required trial-level metadata and source data are response-locked rather than stimulus-locked.
183,Kosciessa_et_al_2021,response_locked,3,inferred_from_notebook_plot_window,"trial_id,source_dataset,alignment,n_channels","subject_id,condition,evidence_strength,choice,correctness,RT_ms,response_hand,artifact_rejection_flag",Missing required trial-level metadata and source data are response-locked rather than stimulus-locked.
184,Kosciessa_et_al_2021,response_locked,3,inferred_from_notebook_plot_window,"trial_id,source_dataset,alignment,n_channels","subject_id,condition,evidence_strength,choice,correctness,RT_ms,response_hand,artifact_rejection_flag",Missing required trial-level metadata and source data are response-locked rather than stimulus-locked.
185,Kosciessa_et_al_2021,response_locked,3,inferred_from_notebook_plot_window,"trial_id,source_dataset,alignment,n_channels","subject_id,condition,evidence_strength,choice,correctness,RT_ms,response_hand,artifact_rejection_flag",Missing required trial-level metadata and source data are response-locked rather than stimulus-locked.
186,Kosciessa_et_al_2021,response_locked,3,inferred_from_notebook_plot_window,"trial_id,source_dataset,alignment,n_channels","subject_id,condition,evidence_strength,choice,correctness,RT_ms,response_hand,artifact_rejection_flag",Missing required trial-level metadata and source data are response-locked rather than stimulus-locked.
187,Kosciessa_et_al_2021,response_locked,3,inferred_from_notebook_plot_window,"trial_id,source_dataset,alignment,n_channels","subject_id,condition,evidence_strength,choice,correctness,RT_ms,response_hand,artifact_rejection_flag",Missing required trial-level metadata and source data are response-locked rather than stimulus-locked.
188,Kosciessa_et_al_2021,response_locked,3,inferred_from_notebook_plot_window,"trial_id,source_dataset,alignment,n_channels","subject_id,condition,evidence_strength,choice,correctness,RT_ms,response_hand,artifact_rejection_flag",Missing required trial-level metadata and source data are response-locked rather than stimulus-locked.
189,Kosciessa_et_al_2021,response_locked,3,inferred_from_notebook_plot_window,"trial_id,source_dataset,alignment,n_channels","subject_id,condition,evidence_strength,choice,correctness,RT_ms,response_hand,artifact_rejection_flag",Missing required trial-level metadata and source data are response-locked rather than stimulus-locked.
190,Kosciessa_et_al_2021,response_locked,3,inferred_from_notebook_plot_window,"trial_id,source_dataset,alignment,n_channels","subject_id,condition,evidence_strength,choice,correctness,RT_ms,response_hand,artifact_rejection_flag",Missing required trial-level metadata and source data are response-locked rather than stimulus-locked.
191,Kosciessa_et_al_2021,response_locked,3,inferred_from_notebook_plot_window,"trial_id,source_dataset,alignment,n_channels","subject_id,condition,evidence_strength,choice,correctness,RT_ms,response_hand,artifact_rejection_flag",Missing required trial-level metadata and source data are response-locked rather than stimulus-locked.
192,Kosciessa_et_al_2021,response_locked,3,inferred_from_notebook_plot_window,"trial_id,source_dataset,alignment,n_channels","subject_id,condition,evidence_strength,choice,correctness,RT_ms,response_hand,artifact_rejection_flag",Missing required trial-level metadata and source data are response-locked rather than stimulus-locked.
193,Kosciessa_et_al_2021,response_locked,3,inferred_from_notebook_plot_window,"trial_id,source_dataset,alignment,n_channels","subject_id,condition,evidence_strength,choice,correctness,RT_ms,response_hand,artifact_rejection_flag",Missing required trial-level metadata and source data are response-locked rather than stimulus-locked.
194,Kosciessa_et_al_2021,response_locked,3,inferred_from_notebook_plot_window,"trial_id,source_dataset,alignment,n_channels","subject_id,condition,evidence_strength,choice,correctness,RT_ms,response_hand,artifact_rejection_flag",Missing required trial-level metadata and source data are response-locked rather than stimulus-locked.
195,Kosciessa_et_al_2021,response_locked,3,inferred_from_notebook_plot_window,"trial_id,source_dataset,alignment,n_channels","subject_id,condition,evidence_strength,choice,correctness,RT_ms,response_hand,artifact_rejection_flag",Missing required trial-level metadata and source data are response-locked rather than stimulus-locked.
196,Kosciessa_et_al_2021,response_locked,3,inferred_from_notebook_plot_window,"trial_id,source_dataset,alignment,n_channels","subject_id,condition,evidence_strength,choice,correctness,RT_ms,response_hand,artifact_rejection_flag",Missing required trial-level metadata and source data are response-locked rather than stimulus-locked.
197,Kosciessa_et_al_2021,response_locked,3,inferred_from_notebook_plot_window,"trial_id,source_dataset,alignment,n_channels","subject_id,condition,evidence_strength,choice,correctness,RT_ms,response_hand,artifact_rejection_flag",Missing required trial-level metadata and source data are response-locked rather than stimulus-locked.
198,Kosciessa_et_al_2021,response_locked,3,inferred_from_notebook_plot_window,"trial_id,source_dataset,alignment,n_channels","subject_id,condition,evidence_strength,choice,correctness,RT_ms,response_hand,artifact_rejection_flag",Missing required trial-level metadata and source data are response-locked rather than stimulus-locked.
199,Kosciessa_et_al_2021,response_locked,3,inferred_from_notebook_plot_window,"trial_id,source_dataset,alignment,n_channels","subject_id,condition,evidence_strength,choice,correctness,RT_ms,response_hand,artifact_rejection_flag",Missing required trial-level metadata and source data are response-locked rather than stimulus-locked.
200,Kosciessa_et_al_2021,response_locked,3,inferred_from_notebook_plot_window,"trial_id,source_dataset,alignment,n_channels","subject_id,condition,evidence_strength,choice,correctness,RT_ms,response_hand,artifact_rejection_flag",Missing required trial-level metadata and source data are response-locked rather than stimulus-locked.
201,Kosciessa_et_al_2021,response_locked,3,inferred_from_notebook_plot_window,"trial_id,source_dataset,alignment,n_channels","subject_id,condition,evidence_strength,choice,correctness,RT_ms,response_hand,artifact_rejection_flag",Missing required trial-level metadata and source data are response-locked rather than stimulus-locked.
202,Kosciessa_et_al_2021,response_locked,3,inferred_from_notebook_plot_window,"trial_id,source_dataset,alignment,n_channels","subject_id,condition,evidence_strength,choice,correctness,RT_ms,response_hand,artifact_rejection_flag",Missing required trial-level metadata and source data are response-locked rather than stimulus-locked.
203,Kosciessa_et_al_2021,response_locked,3,inferred_from_notebook_plot_window,"trial_id,source_dataset,alignment,n_channels","subject_id,condition,evidence_strength,choice,correctness,RT_ms,response_hand,artifact_rejection_flag",Missing required trial-level metadata and source data are response-locked rather than stimulus-locked.
204,Kosciessa_et_al_2021,response_locked,3,inferred_from_notebook_plot_window,"trial_id,source_dataset,alignment,n_channels","subject_id,condition,evidence_strength,choice,correctness,RT_ms,response_hand,artifact_rejection_flag",Missing required trial-level metadata and source data are response-locked rather than stimulus-locked.
205,Kosciessa_et_al_2021,response_locked,3,inferred_from_notebook_plot_window,"trial_id,source_dataset,alignment,n_channels","subject_id,condition,evidence_strength,choice,correctness,RT_ms,response_hand,artifact_rejection_flag",Missing required trial-level metadata and source data are response-locked rather than stimulus-locked.
206,Kosciessa_et_al_2021,response_locked,3,inferred_from_notebook_plot_window,"trial_id,source_dataset,alignment,n_channels","subject_id,condition,evidence_strength,choice,correctness,RT_ms,response_hand,artifact_rejection_flag",Missing required trial-level metadata and source data are response-locked rather than stimulus-locked.
207,Kosciessa_et_al_2021,response_locked,3,inferred_from_notebook_plot_window,"trial_id,source_dataset,alignment,n_channels","subject_id,condition,evidence_strength,choice,correctness,RT_ms,response_hand,artifact_rejection_flag",Missing required trial-level metadata and source data are response-locked rather than stimulus-locked.
208,Kosciessa_et_al_2021,response_locked,3,inferred_from_notebook_plot_window,"trial_id,source_dataset,alignment,n_channels","subject_id,condition,evidence_strength,choice,correctness,RT_ms,response_hand,artifact_rejection_flag",Missing required trial-level metadata and source data are response-locked rather than stimulus-locked.
209,Kosciessa_et_al_2021,response_locked,3,inferred_from_notebook_plot_window,"trial_id,source_dataset,alignment,n_channels","subject_id,condition,evidence_strength,choice,correctness,RT_ms,response_hand,artifact_rejection_flag",Missing required trial-level metadata and source data are response-locked rather than stimulus-locked.
210,Kosciessa_et_al_2021,response_locked,3,inferred_from_notebook_plot_window,"trial_id,source_dataset,alignment,n_channels","subject_id,condition,evidence_strength,choice,correctness,RT_ms,response_hand,artifact_rejection_flag",Missing required trial-level metadata and source data are response-locked rather than stimulus-locked.
211,Kosciessa_et_al_2021,response_locked,3,inferred_from_notebook_plot_window,"trial_id,source_dataset,alignment,n_channels","subject_id,condition,evidence_strength,choice,correctness,RT_ms,response_hand,artifact_rejection_flag",Missing required trial-level metadata and source data are response-locked rather than stimulus-locked.
212,Kosciessa_et_al_2021,response_locked,3,inferred_from_notebook_plot_window,"trial_id,source_dataset,alignment,n_channels","subject_id,condition,evidence_strength,choice,correctness,RT_ms,response_hand,artifact_rejection_flag",Missing required trial-level metadata and source data are response-locked rather than stimulus-locked.
213,Kosciessa_et_al_2021,response_locked,3,inferred_from_notebook_plot_window,"trial_id,source_dataset,alignment,n_channels","subject_id,condition,evidence_strength,choice,correctness,RT_ms,response_hand,artifact_rejection_flag",Missing required trial-level metadata and source data are response-locked rather than stimulus-locked.
214,Kosciessa_et_al_2021,response_locked,3,inferred_from_notebook_plot_window,"trial_id,source_dataset,alignment,n_channels","subject_id,condition,evidence_strength,choice,correctness,RT_ms,response_hand,artifact_rejection_flag",Missing required trial-level metadata and source data are response-locked rather than stimulus-locked.
215,Kosciessa_et_al_2021,response_locked,3,inferred_from_notebook_plot_window,"trial_id,source_dataset,alignment,n_channels","subject_id,condition,evidence_strength,choice,correctness,RT_ms,response_hand,artifact_rejection_flag",Missing required trial-level metadata and source data are response-locked rather than stimulus-locked.
216,Kosciessa_et_al_2021,response_locked,3,inferred_from_notebook_plot_window,"trial_id,source_dataset,alignment,n_channels","subject_id,condition,evidence_strength,choice,correctness,RT_ms,response_hand,artifact_rejection_flag",Missing required trial-level metadata and source data are response-locked rather than stimulus-locked.
217,Kosciessa_et_al_2021,response_locked,3,inferred_from_notebook_plot_window,"trial_id,source_dataset,alignment,n_channels","subject_id,condition,evidence_strength,choice,correctness,RT_ms,response_hand,artifact_rejection_flag",Missing required trial-level metadata and source data are response-locked rather than stimulus-locked.
218,Kosciessa_et_al_2021,response_locked,3,inferred_from_notebook_plot_window,"trial_id,source_dataset,alignment,n_channels","subject_id,condition,evidence_strength,choice,correctness,RT_ms,response_hand,artifact_rejection_flag",Missing required trial-level metadata and source data are response-locked rather than stimulus-locked.
219,Kosciessa_et_al_2021,response_locked,3,inferred_from_notebook_plot_window,"trial_id,source_dataset,alignment,n_channels","subject_id,condition,evidence_strength,choice,correctness,RT_ms,response_hand,artifact_rejection_flag",Missing required trial-level metadata and source data are response-locked rather than stimulus-locked.
220,Kosciessa_et_al_2021,response_locked,3,inferred_from_notebook_plot_window,"trial_id,source_dataset,alignment,n_channels","subject_id,condition,evidence_strength,choice,correctness,RT_ms,response_hand,artifact_rejection_flag",Missing required trial-level metadata and source data are response-locked rather than stimulus-locked.
221,Kosciessa_et_al_2021,response_locked,3,inferred_from_notebook_plot_window,"trial_id,source_dataset,alignment,n_channels","subject_id,condition,evidence_strength,choice,correctness,RT_ms,response_hand,artifact_rejection_flag",Missing required trial-level metadata and source data are response-locked rather than stimulus-locked.
222,Kosciessa_et_al_2021,response_locked,3,inferred_from_notebook_plot_window,"trial_id,source_dataset,alignment,n_channels","subject_id,condition,evidence_strength,choice,correctness,RT_ms,response_hand,artifact_rejection_flag",Missing required trial-level metadata and source data are response-locked rather than stimulus-locked.
223,Kosciessa_et_al_2021,response_locked,3,inferred_from_notebook_plot_window,"trial_id,source_dataset,alignment,n_channels","subject_id,condition,evidence_strength,choice,correctness,RT_ms,response_hand,artifact_rejection_flag",Missing required trial-level metadata and source data are response-locked rather than stimulus-locked.
224,Kosciessa_et_al_2021,response_locked,3,inferred_from_notebook_plot_window,"trial_id,source_dataset,alignment,n_channels","subject_id,condition,evidence_strength,choice,correctness,RT_ms,response_hand,artifact_rejection_flag",Missing required trial-level metadata and source data are response-locked rather than stimulus-locked.
225,Kosciessa_et_al_2021,response_locked,3,inferred_from_notebook_plot_window,"trial_id,source_dataset,alignment,n_channels","subject_id,condition,evidence_strength,choice,correctness,RT_ms,response_hand,artifact_rejection_flag",Missing required trial-level metadata and source data are response-locked rather than stimulus-locked.
226,Kosciessa_et_al_2021,response_locked,3,inferred_from_notebook_plot_window,"trial_id,source_dataset,alignment,n_channels","subject_id,condition,evidence_strength,choice,correctness,RT_ms,response_hand,artifact_rejection_flag",Missing required trial-level metadata and source data are response-locked rather than stimulus-locked.
227,Kosciessa_et_al_2021,response_locked,3,inferred_from_notebook_plot_window,"trial_id,source_dataset,alignment,n_channels","subject_id,condition,evidence_strength,choice,correctness,RT_ms,response_hand,artifact_rejection_flag",Missing required trial-level metadata and source data are response-locked rather than stimulus-locked.
228,Kosciessa_et_al_2021,response_locked,3,inferred_from_notebook_plot_window,"trial_id,source_dataset,alignment,n_channels","subject_id,condition,evidence_strength,choice,correctness,RT_ms,response_hand,artifact_rejection_flag",Missing required trial-level metadata and source data are response-locked rather than stimulus-locked.
229,Kosciessa_et_al_2021,response_locked,3,inferred_from_notebook_plot_window,"trial_id,source_dataset,alignment,n_channels","subject_id,condition,evidence_strength,choice,correctness,RT_ms,response_hand,artifact_rejection_flag",Missing required trial-level metadata and source data are response-locked rather than stimulus-locked.
230,Kosciessa_et_al_2021,response_locked,3,inferred_from_notebook_plot_window,"trial_id,source_dataset,alignment,n_channels","subject_id,condition,evidence_strength,choice,correctness,RT_ms,response_hand,artifact_rejection_flag",Missing required trial-level metadata and source data are response-locked rather than stimulus-locked.
231,Kosciessa_et_al_2021,response_locked,3,inferred_from_notebook_plot_window,"trial_id,source_dataset,alignment,n_channels","subject_id,condition,evidence_strength,choice,correctness,RT_ms,response_hand,artifact_rejection_flag",Missing required trial-level metadata and source data are response-locked rather than stimulus-locked.
232,Kosciessa_et_al_2021,response_locked,3,inferred_from_notebook_plot_window,"trial_id,source_dataset,alignment,n_channels","subject_id,condition,evidence_strength,choice,correctness,RT_ms,response_hand,artifact_rejection_flag",Missing required trial-level metadata and source data are response-locked rather than stimulus-locked.
233,Kosciessa_et_al_2021,response_locked,3,inferred_from_notebook_plot_window,"trial_id,source_dataset,alignment,n_channels","subject_id,condition,evidence_strength,choice,correctness,RT_ms,response_hand,artifact_rejection_flag",Missing required trial-level metadata and source data are response-locked rather than stimulus-locked.
234,Kosciessa_et_al_2021,response_locked,3,inferred_from_notebook_plot_window,"trial_id,source_dataset,alignment,n_channels","subject_id,condition,evidence_strength,choice,correctness,RT_ms,response_hand,artifact_rejection_flag",Missing required trial-level metadata and source data are response-locked rather than stimulus-locked.
235,Kosciessa_et_al_2021,response_locked,3,inferred_from_notebook_plot_window,"trial_id,source_dataset,alignment,n_channels","subject_id,condition,evidence_strength,choice,correctness,RT_ms,response_hand,artifact_rejection_flag",Missing required trial-level metadata and source data are response-locked rather than stimulus-locked.
236,Kosciessa_et_al_2021,response_locked,3,inferred_from_notebook_plot_window,"trial_id,source_dataset,alignment,n_channels","subject_id,condition,evidence_strength,choice,correctness,RT_ms,response_hand,artifact_rejection_flag",Missing required trial-level metadata and source data are response-locked rather than stimulus-locked.
237,Kosciessa_et_al_2021,response_locked,3,inferred_from_notebook_plot_window,"trial_id,source_dataset,alignment,n_channels","subject_id,condition,evidence_strength,choice,correctness,RT_ms,response_hand,artifact_rejection_flag",Missing required trial-level metadata and source data are response-locked rather than stimulus-locked.
238,Kosciessa_et_al_2021,response_locked,3,inferred_from_notebook_plot_window,"trial_id,source_dataset,alignment,n_channels","subject_id,condition,evidence_strength,choice,correctness,RT_ms,response_hand,artifact_rejection_flag",Missing required trial-level metadata and source data are response-locked rather than stimulus-locked.
239,Kosciessa_et_al_2021,response_locked,3,inferred_from_notebook_plot_window,"trial_id,source_dataset,alignment,n_channels","subject_id,condition,evidence_strength,choice,correctness,RT_ms,response_hand,artifact_rejection_flag",Missing required trial-level metadata and source data are response-locked rather than stimulus-locked.
240,Kosciessa_et_al_2021,response_locked,3,inferred_from_notebook_plot_window,"trial_id,source_dataset,alignment,n_channels","subject_id,condition,evidence_strength,choice,correctness,RT_ms,response_hand,artifact_rejection_flag",Missing required trial-level metadata and source data are response-locked rather than stimulus-locked.
241,Kosciessa_et_al_2021,response_locked,3,inferred_from_notebook_plot_window,"trial_id,source_dataset,alignment,n_channels","subject_id,condition,evidence_strength,choice,correctness,RT_ms,response_hand,artifact_rejection_flag",Missing required trial-level metadata and source data are response-locked rather than stimulus-locked.
242,Kosciessa_et_al_2021,response_locked,3,inferred_from_notebook_plot_window,"trial_id,source_dataset,alignment,n_channels","subject_id,condition,evidence_strength,choice,correctness,RT_ms,response_hand,artifact_rejection_flag",Missing required trial-level metadata and source data are response-locked rather than stimulus-locked.
243,Kosciessa_et_al_2021,response_locked,3,inferred_from_notebook_plot_window,"trial_id,source_dataset,alignment,n_channels","subject_id,condition,evidence_strength,choice,correctness,RT_ms,response_hand,artifact_rejection_flag",Missing required trial-level metadata and source data are response-locked rather than stimulus-locked.
244,Kosciessa_et_al_2021,response_locked,3,inferred_from_notebook_plot_window,"trial_id,source_dataset,alignment,n_channels","subject_id,condition,evidence_strength,choice,correctness,RT_ms,response_hand,artifact_rejection_flag",Missing required trial-level metadata and source data are response-locked rather than stimulus-locked.
245,Kosciessa_et_al_2021,response_locked,3,inferred_from_notebook_plot_window,"trial_id,source_dataset,alignment,n_channels","subject_id,condition,evidence_strength,choice,correctness,RT_ms,response_hand,artifact_rejection_flag",Missing required trial-level metadata and source data are response-locked rather than stimulus-locked.
246,Kosciessa_et_al_2021,response_locked,3,inferred_from_notebook_plot_window,"trial_id,source_dataset,alignment,n_channels","subject_id,condition,evidence_strength,choice,correctness,RT_ms,response_hand,artifact_rejection_flag",Missing required trial-level metadata and source data are response-locked rather than stimulus-locked.
247,Kosciessa_et_al_2021,response_locked,3,inferred_from_notebook_plot_window,"trial_id,source_dataset,alignment,n_channels","subject_id,condition,evidence_strength,choice,correctness,RT_ms,response_hand,artifact_rejection_flag",Missing required trial-level metadata and source data are response-locked rather than stimulus-locked.
248,Kosciessa_et_al_2021,response_locked,3,inferred_from_notebook_plot_window,"trial_id,source_dataset,alignment,n_channels","subject_id,condition,evidence_strength,choice,correctness,RT_ms,response_hand,artifact_rejection_flag",Missing required trial-level metadata and source data are response-locked rather than stimulus-locked.
249,Kosciessa_et_al_2021,response_locked,3,inferred_from_notebook_plot_window,"trial_id,source_dataset,alignment,n_channels","subject_id,condition,evidence_strength,choice,correctness,RT_ms,response_hand,artifact_rejection_flag",Missing required trial-level metadata and source data are response-locked rather than stimulus-locked.
250,Kosciessa_et_al_2021,response_locked,3,inferred_from_notebook_plot_window,"trial_id,source_dataset,alignment,n_channels","subject_id,condition,evidence_strength,choice,correctness,RT_ms,response_hand,artifact_rejection_flag",Missing required trial-level metadata and source data are response-locked rather than stimulus-locked.
251,Kosciessa_et_al_2021,response_locked,3,inferred_from_notebook_plot_window,"trial_id,source_dataset,alignment,n_channels","subject_id,condition,evidence_strength,choice,correctness,RT_ms,response_hand,artifact_rejection_flag",Missing required trial-level metadata and source data are response-locked rather than stimulus-locked.
252,Kosciessa_et_al_2021,response_locked,3,inferred_from_notebook_plot_window,"trial_id,source_dataset,alignment,n_channels","subject_id,condition,evidence_strength,choice,correctness,RT_ms,response_hand,artifact_rejection_flag",Missing required trial-level metadata and source data are response-locked rather than stimulus-locked.
253,Kosciessa_et_al_2021,response_locked,3,inferred_from_notebook_plot_window,"trial_id,source_dataset,alignment,n_channels","subject_id,condition,evidence_strength,choice,correctness,RT_ms,response_hand,artifact_rejection_flag",Missing required trial-level metadata and source data are response-locked rather than stimulus-locked.
254,Kosciessa_et_al_2021,response_locked,3,inferred_from_notebook_plot_window,"trial_id,source_dataset,alignment,n_channels","subject_id,condition,evidence_strength,choice,correctness,RT_ms,response_hand,artifact_rejection_flag",Missing required trial-level metadata and source data are response-locked rather than stimulus-locked.
